Workbook

Sheet Changed history
A1: Template revision
A2: Revision | B2: Date | C2: Template Change history | D2: Edit by | E2: Check by | F2: Approve by | G2: =INDIRECT(CONCATENATE("A",(COUNTA(A1:A10)))) -> r01
A3: r01 | B3: 44777 | C3: first issue | D3: PS-EC/ECG3-JP Matsuoka | F3: PS-EC/ECG3-JP Matsuoka
E21: HW team Input
A22: =INDIRECT(CONCATENATE("A",(COUNTA(A24:A29)+23))) -> V01 | B22: =INDIRECT(CONCATENATE("B",(COUNTA(B24:B29)+23))) -> 45660 | D22: =INDIRECT(CONCATENATE("D",(COUNTA(D24:D29)+23))) -> Vajapeyi S B (MS/EEM11-PS-PC)
A23: Version | B23: Date | C23: Change history | D23: Edit by | E23: Check by
A24: V01 | B24: 45660 | C24: Request for RACE product release of 62XS MP1 part numbers | D24: Vajapeyi S B (MS/EEM11-PS-PC) | E24: Iwata Tomohiro (PS-SC/ECG3-JP) Ito Yasushi (PS-SC/ECG3-JP)

Sheet MP1
AL1: Template: | AM1: ='Changed history'!G2 -> r01
B2: 62XS MP1 parts number information | AP2: Version | AQ2: Date | AR2: Name
AP3: ='Changed history'!A22 -> V01 | AQ3: ='Changed history'!B22 -> 45660 | AR3: ='Changed history'!D22 -> Vajapeyi S B (MS/EEM11-PS-PC)
B4: <Purpose>
B5: HM Akisawa-san requested to issue the MP1/FPD (Final Prototype) for MG1CS022 62XS. Base file:CR-GDI-HG27B-SY009-0.xlsx => System_Matrix_CR-GDI-HG27B-SY009-0.xlsx
AG9: HW team Input
AG10: Sales Input
B11: Master file storage
B12: file://///sites.inside-share3.bosch.com@SSL/DavWWWRoot/sites/107525/Documents/Common/08_Drawings/08_MG1CS022/03_62XS/01_MP1/02_PN_Info/RB/RACE
B17: HONDA DWG. No. | W17: HONDA Parts No. (Customer SNR) [Copy past from "System matrix"] | X17: HONDA Parts No. [For Contetns check] If cell color change to red, re-check the parts No. again. In case of correct part no., please comment in Remark (ex. "Correct parts No.") | AP17: Bosch ECU Series P/N | AQ17: Bosch ECU Sample P/N (B No.) | AR17: Predecessor Bosch ECU P/N Copy Base BOM | AS17: Predecessor ECU P/N Remark of Base BOM | AT17: Remark
A18: 1st DWG. | B18: 3 | C18: 7 | D18: 8 | E18: 2 | F18: 0 | G18: - | H18: 6 | I18: 2 | J18: X | L18: - | M18: Z | N18: X | O18: 1 | P18: 0 | Q18: - | R18: M | S18: 6 | T18: / | U18: 6 | V18: A | W18: 37820-62X -MD10-M6 | X18: =MID($W18,COLUMN(A1),1) -> 3 | Y18: =MID($W18,COLUMN(B1),1) -> 7 | Z18: =MID($W18,COLUMN(C1),1) -> 8 | AA18: =MID($W18,COLUMN(D1),1) -> 2 | AB18: =MID($W18,COLUMN(E1),1) -> 0 | AC18: =MID($W18,COLUMN(F1),1) -> - | AD18: =MID($W18,COLUMN(G1),1) -> 6 | AE18: =MID($W18,COLUMN(H1),1) -> 2 | ... AO18: =MID($W18,COLUMN(R1),1) -> 6 | AP18: 0261S10A2Y | AQ18: 0261B00CE7-00 | AR18: 0261S109WL | AS18: MG1CS022 62XS MP1 CVT 4 DOOR | AT18: Honda PN is correct based on system matrix
W19: 37820-62X -ME10-M6 | X19: =MID($W19,COLUMN(A2),1) -> 3 | Y19: =MID($W19,COLUMN(B2),1) -> 7 | Z19: =MID($W19,COLUMN(C2),1) -> 8 | AA19: =MID($W19,COLUMN(D2),1) -> 2 | AB19: =MID($W19,COLUMN(E2),1) -> 0 | AC19: =MID($W19,COLUMN(F2),1) -> - | AD19: =MID($W19,COLUMN(G2),1) -> 6 | AE19: =MID($W19,COLUMN(H2),1) -> 2 | ... AO19: =MID($W19,COLUMN(R2),1) -> 6 | AP19: 0261S10A2Z | AQ19: 0261B00CE8-00 | AR19: 0261S109WL | AS19: MG1CS022 62XS MP1 CVT 4 DOOR | AT19: Honda PN is correct based on system matrix
W20: 37820-62X -MF10-M6 | X20: =MID($W20,COLUMN(A3),1) -> 3 | Y20: =MID($W20,COLUMN(B3),1) -> 7 | Z20: =MID($W20,COLUMN(C3),1) -> 8 | AA20: =MID($W20,COLUMN(D3),1) -> 2 | AB20: =MID($W20,COLUMN(E3),1) -> 0 | AC20: =MID($W20,COLUMN(F3),1) -> - | AD20: =MID($W20,COLUMN(G3),1) -> 6 | AE20: =MID($W20,COLUMN(H3),1) -> 2 | ... AO20: =MID($W20,COLUMN(R3),1) -> 6 | AP20: 0261S10A30 | AQ20: 0261B00CE9-00 | AR20: 0261S109WL | AS20: MG1CS022 62XS MP1 CVT 5 DOOR | AT20: Honda PN is correct based on system matrix
W21: 37820-62X -MG10-M6 | X21: =MID($W21,COLUMN(A4),1) -> 3 | Y21: =MID($W21,COLUMN(B4),1) -> 7 | Z21: =MID($W21,COLUMN(C4),1) -> 8 | AA21: =MID($W21,COLUMN(D4),1) -> 2 | AB21: =MID($W21,COLUMN(E4),1) -> 0 | AC21: =MID($W21,COLUMN(F4),1) -> - | AD21: =MID($W21,COLUMN(G4),1) -> 6 | AE21: =MID($W21,COLUMN(H4),1) -> 2 | ... AO21: =MID($W21,COLUMN(R4),1) -> 6 | AP21: 0261S10A31 | AQ21: 0261B00CF0-00 | AR21: 0261S109WL | AS21: MG1CS022 62XS MP1 CVT 5 DOOR | AT21: Honda PN is correct based on system matrix
W22: 37820-62X -MH10-M6 | X22: =MID($W22,COLUMN(A5),1) -> 3 | Y22: =MID($W22,COLUMN(B4),1) -> 7 | Z22: =MID($W22,COLUMN(C4),1) -> 8 | AA22: =MID($W22,COLUMN(D4),1) -> 2 | AB22: =MID($W22,COLUMN(E4),1) -> 0 | AC22: =MID($W22,COLUMN(F4),1) -> - | AD22: =MID($W22,COLUMN(G4),1) -> 6 | AE22: =MID($W22,COLUMN(H4),1) -> 2 | AF22: =MID($W22,COLUMN(I4),1) -> X | ... AO22: =MID($W22,COLUMN(R4),1) -> 6 | AP22: 0261S10A32 | AQ22: 0261B00CF1-00 | AR22: 0261S109WL | AS22: MG1CS022 62XS MP1 CVT 4 DOOR | AT22: Honda PN is correct based on system matrix
A24: 2nd DWG. | B24: 3 | C24: 7 | D24: 8 | E24: 2 | F24: 0 | G24: - | H24: 6 | I24: 2 | J24: X | L24: - | M24: Z | N24: X | O24: 1 | P24: 0 | Q24: - | R24: M | S24: 6 | T24: / | U24: 6 | V24: A | W24: 37820-62X -MJ10-M6 | X24: =MID($W24,COLUMN(A8),1) -> 3 | Y24: =MID($W24,COLUMN(B8),1) -> 7 | Z24: =MID($W24,COLUMN(C8),1) -> 8 | AA24: =MID($W24,COLUMN(D8),1) -> 2 | AB24: =MID($W24,COLUMN(E8),1) -> 0 | AC24: =MID($W24,COLUMN(F8),1) -> - | AD24: =MID($W24,COLUMN(G8),1) -> 6 | AE24: =MID($W24,COLUMN(H8),1) -> 2 | ... AO24: =MID($W24,COLUMN(R8),1) -> 6 | AP24: 0261S10A33 | AQ24: 0261B00CF2-00 | AR24: 0261S109WL | AS24: MG1CS022 62XS MP1 CVT 5 DOOR | AT24: Honda PN is correct based on system matrix
X25: =MID($W25,COLUMN(A9),1) | Y25: =MID($W25,COLUMN(B9),1) | Z25: =MID($W25,COLUMN(C9),1) | AA25: =MID($W25,COLUMN(D9),1) | AB25: =MID($W25,COLUMN(E9),1) | AC25: =MID($W25,COLUMN(F9),1) | AD25: =MID($W25,COLUMN(G9),1) | AE25: =MID($W25,COLUMN(H9),1) | ... AO25: =MID($W25,COLUMN(R9),1)
X26: =MID($W26,COLUMN(A10),1) | Y26: =MID($W26,COLUMN(B10),1) | Z26: =MID($W26,COLUMN(C10),1) | AA26: =MID($W26,COLUMN(D10),1) | AB26: =MID($W26,COLUMN(E10),1) | AC26: =MID($W26,COLUMN(F10),1) | AD26: =MID($W26,COLUMN(G10),1) | AE26: =MID($W26,COLUMN(H10),1) | ... AO26: =MID($W26,COLUMN(R10),1)
X27: =MID($W27,COLUMN(A11),1) | Y27: =MID($W27,COLUMN(B11),1) | Z27: =MID($W27,COLUMN(C11),1) | AA27: =MID($W27,COLUMN(D11),1) | AB27: =MID($W27,COLUMN(E11),1) | AC27: =MID($W27,COLUMN(F11),1) | AD27: =MID($W27,COLUMN(G11),1) | AE27: =MID($W27,COLUMN(H11),1) | ... AO27: =MID($W27,COLUMN(R11),1)
X28: =MID($W28,COLUMN(A12),1) | Y28: =MID($W28,COLUMN(B11),1) | Z28: =MID($W28,COLUMN(C11),1) | AA28: =MID($W28,COLUMN(D11),1) | AB28: =MID($W28,COLUMN(E11),1) | AC28: =MID($W28,COLUMN(F11),1) | AD28: =MID($W28,COLUMN(G11),1) | AE28: =MID($W28,COLUMN(H11),1) | AF28: =MID($W28,COLUMN(I11),1) | ... AO28: =MID($W28,COLUMN(R11),1)
A30: 3rd DWG. | B30: 3 | C30: 7 | D30: 8 | E30: 2 | F30: 0 | G30: - | L30: - | Q30: - | R30: M | S30: 6 | T30: / | U30: 6 | V30: A | X30: =MID($W30,COLUMN(A14),1) | Y30: =MID($W30,COLUMN(B14),1) | Z30: =MID($W30,COLUMN(C14),1) | AA30: =MID($W30,COLUMN(D14),1) | AB30: =MID($W30,COLUMN(E14),1) | AC30: =MID($W30,COLUMN(F14),1) | AD30: =MID($W30,COLUMN(G14),1) | AE30: =MID($W30,COLUMN(H14),1) | ... AO30: =MID($W30,COLUMN(R14),1)
X31: =MID($W31,COLUMN(A15),1) | Y31: =MID($W31,COLUMN(B15),1) | Z31: =MID($W31,COLUMN(C15),1) | AA31: =MID($W31,COLUMN(D15),1) | AB31: =MID($W31,COLUMN(E15),1) | AC31: =MID($W31,COLUMN(F15),1) | AD31: =MID($W31,COLUMN(G15),1) | AE31: =MID($W31,COLUMN(H15),1) | ... AO31: =MID($W31,COLUMN(R15),1)
X32: =MID($W32,COLUMN(A16),1) | Y32: =MID($W32,COLUMN(B16),1) | Z32: =MID($W32,COLUMN(C16),1) | AA32: =MID($W32,COLUMN(D16),1) | AB32: =MID($W32,COLUMN(E16),1) | AC32: =MID($W32,COLUMN(F16),1) | AD32: =MID($W32,COLUMN(G16),1) | AE32: =MID($W32,COLUMN(H16),1) | ... AO32: =MID($W32,COLUMN(R16),1)
X33: =MID($W33,COLUMN(A17),1) | Y33: =MID($W33,COLUMN(B17),1) | Z33: =MID($W33,COLUMN(C17),1) | AA33: =MID($W33,COLUMN(D17),1) | AB33: =MID($W33,COLUMN(E17),1) | AC33: =MID($W33,COLUMN(F17),1) | AD33: =MID($W33,COLUMN(G17),1) | AE33: =MID($W33,COLUMN(H17),1) | ... AO33: =MID($W33,COLUMN(R17),1)
X34: =MID($W34,COLUMN(A18),1) | Y34: =MID($W34,COLUMN(B17),1) | Z34: =MID($W34,COLUMN(C17),1) | AA34: =MID($W34,COLUMN(D17),1) | AB34: =MID($W34,COLUMN(E17),1) | AC34: =MID($W34,COLUMN(F17),1) | AD34: =MID($W34,COLUMN(G17),1) | AE34: =MID($W34,COLUMN(H17),1) | AF34: =MID($W34,COLUMN(I17),1) | ... AO34: =MID($W34,COLUMN(R17),1)

Sheet MPx Instruction
AL1: Template: | AM1: ='Changed history'!G2 -> r01
B2: 66VA MP3(KAKC), MP2(except KAKC) parts number information | AP2: Version | AQ2: Date | AR2: Name
AP3: ='Changed history'!A22 -> V01 | AQ3: ='Changed history'!B22 -> 45660 | AR3: ='Changed history'!D22 -> Vajapeyi S B (MS/EEM11-PS-PC)
B4: <Purpose>
B5: HM 4MOC requested to issue the MP3 and MP2 for MED17.9.3 66VA. Base file:2YN-R_SYSTEM_MATRIX_△31.xlsx
AG9: HW team Input
AG10: Sales Input
B11: Master file storage
B12: https://sites.inside-share3.bosch.com/sites/107525/Documents/Common/08_Drawings/04_MED1793/22_66VA_2YN-R/04_MP3_MP2/03_PN_Info/HM
B17: HONDA DWG. No. | W17: HONDA Parts No. (Customer SNR) [Copy past from "System matrix"] | X17: HONDA Parts No. [For Contetns check] If cell color change to red, re-check the parts No. again. In case of correct part no., please comment in Remark (ex. "Correct parts No.") | AP17: Bosch ECU Series P/N | AQ17: Bosch ECU Sample P/N (B No.) | AR17: Predecessor Bosch ECU P/N Copy Base BOM | AS17: Predecessor ECU P/N Remark of Base BOM | AT17: Remark
A18: 1st DWG. | B18: 3 | C18: 7 | D18: 8 | E18: 2 | F18: 0 | G18: - | H18: 6 | I18: 6 | J18: V | L18: - | M18: Z | N18: Z | O18: 1 | P18: 2 | Q18: - | R18: M | S18: 6 | T18: / | U18: 6 | V18: A | W18: 37820-66V -A030-M6 | X18: =MID($W18,COLUMN(A1),1) -> 3 | Y18: =MID($W18,COLUMN(B1),1) -> 7 | Z18: =MID($W18,COLUMN(C1),1) -> 8 | AA18: =MID($W18,COLUMN(D1),1) -> 2 | AB18: =MID($W18,COLUMN(E1),1) -> 0 | AC18: =MID($W18,COLUMN(F1),1) -> - | AD18: =MID($W18,COLUMN(G1),1) -> 6 | AE18: =MID($W18,COLUMN(H1),1) -> 6 | ... AO18: =MID($W18,COLUMN(R1),1) -> 6 | AP18: 0261S107J3 | AQ18: 0261B009FB-00 | AR18: 0261S106WJ | AS18: 66VA MP2(KAKC)
W19: 37820-66V -Q030-M6 | X19: =MID($W19,COLUMN(A2),1) -> 3 | Y19: =MID($W19,COLUMN(B2),1) -> 7 | Z19: =MID($W19,COLUMN(C2),1) -> 8 | AA19: =MID($W19,COLUMN(D2),1) -> 2 | AB19: =MID($W19,COLUMN(E2),1) -> 0 | AC19: =MID($W19,COLUMN(F2),1) -> - | AD19: =MID($W19,COLUMN(G2),1) -> 6 | AE19: =MID($W19,COLUMN(H2),1) -> 6 | ... AO19: =MID($W19,COLUMN(R2),1) -> 6 | AP19: 0261S107J4 | AQ19: 0261B009FC-00 | AR19: 0261S106WK | AS19: 66VA MP1-2(except KAKC)
W20: 37820-66V -K030-M6 | X20: =MID($W20,COLUMN(A3),1) -> 3 | Y20: =MID($W20,COLUMN(B3),1) -> 7 | Z20: =MID($W20,COLUMN(C3),1) -> 8 | AA20: =MID($W20,COLUMN(D3),1) -> 2 | AB20: =MID($W20,COLUMN(E3),1) -> 0 | AC20: =MID($W20,COLUMN(F3),1) -> - | AD20: =MID($W20,COLUMN(G3),1) -> 6 | AE20: =MID($W20,COLUMN(H3),1) -> 6 | ... AO20: =MID($W20,COLUMN(R3),1) -> 6 | AP20: 0261S107J5 | AQ20: 0261B009FD-00 | AR20: 0261S106WL | AS20: 66VA MP1-2(except KAKC)
W21: 37820-66V -K130-M6 | X21: =MID($W21,COLUMN(A4),1) -> 3 | Y21: =MID($W21,COLUMN(B4),1) -> 7 | Z21: =MID($W21,COLUMN(C4),1) -> 8 | AA21: =MID($W21,COLUMN(D4),1) -> 2 | AB21: =MID($W21,COLUMN(E4),1) -> 0 | AC21: =MID($W21,COLUMN(F4),1) -> - | AD21: =MID($W21,COLUMN(G4),1) -> 6 | AE21: =MID($W21,COLUMN(H4),1) -> 6 | ... AO21: =MID($W21,COLUMN(R4),1) -> 6 | AP21: 0261S107J6 | AQ21: 0261B009FE-00 | AR21: 0261S106WM | AS21: 66VA MP1-2(except KAKC)
X22: =MID($W22,COLUMN(A5),1) | Y22: =MID($W22,COLUMN(B4),1) | Z22: =MID($W22,COLUMN(C4),1) | AA22: =MID($W22,COLUMN(D4),1) | AB22: =MID($W22,COLUMN(E4),1) | AC22: =MID($W22,COLUMN(F4),1) | AD22: =MID($W22,COLUMN(G4),1) | AE22: =MID($W22,COLUMN(H4),1) | AF22: =MID($W22,COLUMN(I4),1) | ... AO22: =MID($W22,COLUMN(R4),1)
A24: 2nd DWG. | B24: 3 | C24: 7 | D24: 8 | E24: 2 | F24: 0 | G24: - | H24: 6 | I24: 6 | J24: V | L24: - | M24: Z | N24: Z | O24: 1 | P24: 2 | Q24: - | R24: M | S24: 6 | T24: / | U24: 6 | V24: A | W24: 37820-66V -J030-M6 | X24: =MID($W24,COLUMN(A8),1) -> 3 | Y24: =MID($W24,COLUMN(B8),1) -> 7 | Z24: =MID($W24,COLUMN(C8),1) -> 8 | AA24: =MID($W24,COLUMN(D8),1) -> 2 | AB24: =MID($W24,COLUMN(E8),1) -> 0 | AC24: =MID($W24,COLUMN(F8),1) -> - | AD24: =MID($W24,COLUMN(G8),1) -> 6 | AE24: =MID($W24,COLUMN(H8),1) -> 6 | ... AO24: =MID($W24,COLUMN(R8),1) -> 6 | AP24: 0261S107J7 | AQ24: 0261B009FF-00 | AR24: 0261S106WN | AS24: 66VA MP1-2(except KAKC)
W25: 37820-66V -U030-M6 | X25: =MID($W25,COLUMN(A9),1) -> 3 | Y25: =MID($W25,COLUMN(B9),1) -> 7 | Z25: =MID($W25,COLUMN(C9),1) -> 8 | AA25: =MID($W25,COLUMN(D9),1) -> 2 | AB25: =MID($W25,COLUMN(E9),1) -> 0 | AC25: =MID($W25,COLUMN(F9),1) -> - | AD25: =MID($W25,COLUMN(G9),1) -> 6 | AE25: =MID($W25,COLUMN(H9),1) -> 6 | ... AO25: =MID($W25,COLUMN(R9),1) -> 6 | AP25: 0261S107J8 | AQ25: 0261B009FG-00 | AR25: 0261S106WP | AS25: 66VA MP1-2(except KAKC)
W26: 37820-66V -Z030-M6 | X26: =MID($W26,COLUMN(A10),1) -> 3 | Y26: =MID($W26,COLUMN(B10),1) -> 7 | Z26: =MID($W26,COLUMN(C10),1) -> 8 | AA26: =MID($W26,COLUMN(D10),1) -> 2 | AB26: =MID($W26,COLUMN(E10),1) -> 0 | AC26: =MID($W26,COLUMN(F10),1) -> - | AD26: =MID($W26,COLUMN(G10),1) -> 6 | AE26: =MID($W26,COLUMN(H10),1) -> 6 | ... AO26: =MID($W26,COLUMN(R10),1) -> 6 | AP26: 0261S107J9 | AQ26: 0261B009FH-00 | AR26: 0261S106WR | AS26: 66VA MP1-2(except KAKC)
W27: 37820-66V -E030-M6 | X27: =MID($W27,COLUMN(A11),1) -> 3 | Y27: =MID($W27,COLUMN(B11),1) -> 7 | Z27: =MID($W27,COLUMN(C11),1) -> 8 | AA27: =MID($W27,COLUMN(D11),1) -> 2 | AB27: =MID($W27,COLUMN(E11),1) -> 0 | AC27: =MID($W27,COLUMN(F11),1) -> - | AD27: =MID($W27,COLUMN(G11),1) -> 6 | AE27: =MID($W27,COLUMN(H11),1) -> 6 | ... AO27: =MID($W27,COLUMN(R11),1) -> 6 | AP27: 0261S107JA | AQ27: 0261B009FJ-00 | AR27: 0261S106WS | AS27: 66VA MP1-2(except KAKC)
W28: 37820-66V -B030-M6 | X28: =MID($W28,COLUMN(A12),1) -> 3 | Y28: =MID($W28,COLUMN(B11),1) -> 7 | Z28: =MID($W28,COLUMN(C11),1) -> 8 | AA28: =MID($W28,COLUMN(D11),1) -> 2 | AB28: =MID($W28,COLUMN(E11),1) -> 0 | AC28: =MID($W28,COLUMN(F11),1) -> - | AD28: =MID($W28,COLUMN(G11),1) -> 6 | AE28: =MID($W28,COLUMN(H11),1) -> 6 | AF28: =MID($W28,COLUMN(I11),1) -> V | ... AO28: =MID($W28,COLUMN(R11),1) -> 6 | AP28: 0261S107JB | AQ28: 0261B009FK-00 | AR28: 0261S106WT | AS28: 66VA MP1-2(except KAKC)
A30: 3rd DWG. | B30: 3 | C30: 7 | D30: 8 | E30: 2 | F30: 0 | G30: - | H30: 6 | I30: 6 | J30: V | L30: - | M30: Z | N30: Z | O30: 1 | P30: 2 | Q30: - | R30: M | S30: 6 | T30: / | U30: 6 | V30: A | W30: 37820-66V -W030-M6 | X30: =MID($W30,COLUMN(A14),1) -> 3 | Y30: =MID($W30,COLUMN(B14),1) -> 7 | Z30: =MID($W30,COLUMN(C14),1) -> 8 | AA30: =MID($W30,COLUMN(D14),1) -> 2 | AB30: =MID($W30,COLUMN(E14),1) -> 0 | AC30: =MID($W30,COLUMN(F14),1) -> - | AD30: =MID($W30,COLUMN(G14),1) -> 6 | AE30: =MID($W30,COLUMN(H14),1) -> 6 | ... AO30: =MID($W30,COLUMN(R14),1) -> 6 | AP30: 0261S107JC | AQ30: 0261B009FL-00 | AR30: 0261S106WU | AS30: 66VA MP1-2(except KAKC)
W31: 37820-66V -H030-M6 | X31: =MID($W31,COLUMN(A15),1) -> 3 | Y31: =MID($W31,COLUMN(B15),1) -> 7 | Z31: =MID($W31,COLUMN(C15),1) -> 8 | AA31: =MID($W31,COLUMN(D15),1) -> 2 | AB31: =MID($W31,COLUMN(E15),1) -> 0 | AC31: =MID($W31,COLUMN(F15),1) -> - | AD31: =MID($W31,COLUMN(G15),1) -> 6 | AE31: =MID($W31,COLUMN(H15),1) -> 6 | ... AO31: =MID($W31,COLUMN(R15),1) -> 6 | AP31: 0261S107JD | AQ31: 0261B009FM-00 | AR31: 0261S106WV | AS31: 66VA MP1-2(except KAKC)
W32: 37820-66V -M030-M6 | X32: =MID($W32,COLUMN(A16),1) -> 3 | Y32: =MID($W32,COLUMN(B16),1) -> 7 | Z32: =MID($W32,COLUMN(C16),1) -> 8 | AA32: =MID($W32,COLUMN(D16),1) -> 2 | AB32: =MID($W32,COLUMN(E16),1) -> 0 | AC32: =MID($W32,COLUMN(F16),1) -> - | AD32: =MID($W32,COLUMN(G16),1) -> 6 | AE32: =MID($W32,COLUMN(H16),1) -> 6 | ... AO32: =MID($W32,COLUMN(R16),1) -> 6 | AP32: 0261S107JE | AQ32: 0261B009FN-00 | AR32: 0261S106WW | AS32: 66VA MP1-2(except KAKC)
W33: 37820-66V -Y030-M6 | X33: =MID($W33,COLUMN(A17),1) -> 3 | Y33: =MID($W33,COLUMN(B17),1) -> 7 | Z33: =MID($W33,COLUMN(C17),1) -> 8 | AA33: =MID($W33,COLUMN(D17),1) -> 2 | AB33: =MID($W33,COLUMN(E17),1) -> 0 | AC33: =MID($W33,COLUMN(F17),1) -> - | AD33: =MID($W33,COLUMN(G17),1) -> 6 | AE33: =MID($W33,COLUMN(H17),1) -> 6 | ... AO33: =MID($W33,COLUMN(R17),1) -> 6 | AP33: 0261S107JF | AQ33: 0261B009FP-00 | AR33: 0261S106WX | AS33: 66VA MP1-2(except KAKC)
W34: 37820-66V -R030-M6 | X34: =MID($W34,COLUMN(A18),1) -> 3 | Y34: =MID($W34,COLUMN(B17),1) -> 7 | Z34: =MID($W34,COLUMN(C17),1) -> 8 | AA34: =MID($W34,COLUMN(D17),1) -> 2 | AB34: =MID($W34,COLUMN(E17),1) -> 0 | AC34: =MID($W34,COLUMN(F17),1) -> - | AD34: =MID($W34,COLUMN(G17),1) -> 6 | AE34: =MID($W34,COLUMN(H17),1) -> 6 | AF34: =MID($W34,COLUMN(I17),1) -> V | ... AO34: =MID($W34,COLUMN(R17),1) -> 6 | AP34: 0261S107JG | AQ34: 0261B009FR-00 | AR34: 0261S106WY | AS34: 66VA MP1-2(except KAKC)

Sheet old MPx
Q1: Template: | R1: ='Changed history'!G2 -> r01 | V1: Version | W1: Date | X1: Name
B2: 66VA MP3(KAKC), MP2(except KAKC) parts number information | S2: Sales Input | V2: ='Changed history'!A22 -> V01
S3: HW team Input
B5: <Purpose> HM 4MOC requested to issue the MP3 and MP2 for MED17.9.3 66VA. Base file:2YN-R_SYSTEM_MATRIX_△31.xlsx
B10: Master file storage
B11: https://sites.inside-share3.bosch.com/sites/107525/Documents/Common/08_Drawings/04_MED1793/22_66VA_2YN-R/04_MP3_MP2/03_PN_Info/HM
B14: HONDA DWG. No. | I14: HONDA Parts No. | P14: FSW | Q14: ECR | R14: Bosch ECU P/N | S14: Predecessor Bosch ECU P/N Copy Base BOM | T14: Remark
B15: 37820 | C15: - | D15: 66V | E15: - | F15: ZZ12 | G15: - | H15: M6/6A | I15: 37820 | J15: - | K15: 66V | L15: - | M15: A030 | N15: - | O15: M6 | R15: 0261S107J3 / 0261B009FB-00 | S15: 0261S106WJ | T15: MED17.9.3 66VA MP3
I16: 37820 | J16: - | K16: 66V | L16: - | M16: Q030 | N16: - | O16: M6 | R16: 0261S107J4 / 0261B009FC-00 | S16: 0261S106WK | T16: MED17.9.3 66VA MP2
I17: 37820 | K17: 66V | M17: K030 | O17: M6 | R17: 0261S107J5 / 0261B009FD-00 | S17: 0261S106WL | T17: MED17.9.3 66VA MP2
I18: 37820 | J18: - | K18: 66V | L18: - | M18: K130 | N18: - | O18: M6 | R18: 0261S107J6 / 0261B009FE-00 | S18: 0261S106WM | T18: MED17.9.3 66VA MP2
B19: 37820 | C19: - | D19: 66V | E19: - | F19: ZY12 | G19: - | H19: M6/6A | I19: 37820 | J19: - | K19: 66V | L19: - | M19: J030 | N19: - | O19: M6 | R19: 0261S107J7 / 0261B009FF-00 | S19: 0261S106WN | T19: MED17.9.3 66VA MP2
I20: 37820 | J20: - | K20: 66V | L20: - | M20: U030 | N20: - | O20: M6 | R20: 0261S107J8 / 0261B009FG-00 | S20: 0261S106WP | T20: MED17.9.3 66VA MP2
I21: 37820 | J21: - | K21: 66V | L21: - | M21: Z030 | N21: - | O21: M6 | R21: 0261S107J9 / 0261B009FH-00 | S21: 0261S106WR | T21: MED17.9.3 66VA MP2
I22: 37820 | K22: 66V | M22: E030 | O22: M6 | R22: 0261S107JA / 0261B009FJ-00 | S22: 0261S106WS | T22: MED17.9.3 66VA MP2
I23: 37820 | K23: 66V | M23: B030 | O23: M6 | R23: 0261S107JB / 0261B009FK-00 | S23: 0261S106WT | T23: MED17.9.3 66VA MP2
B24: 37820 | C24: - | D24: 66V | E24: - | F24: ZX12 | G24: - | H24: M6/6A | I24: 37820 | K24: 66V | M24: W030 | O24: M6 | R24: 0261S107JC / 0261B009FL-00 | S24: 0261S106WU | T24: MED17.9.3 66VA MP2
I25: 37820 | K25: 66V | M25: H030 | O25: M6 | R25: 0261S107JD / 0261B009FM-00 | S25: 0261S106WV | T25: MED17.9.3 66VA MP2
I26: 37820 | J26: - | K26: 66V | L26: - | M26: M030 | N26: - | O26: M6 | R26: 0261S107JE / 0261B009FN-00 | S26: 0261S106WW | T26: MED17.9.3 66VA MP2
I27: 37820 | J27: - | K27: 66V | L27: - | M27: Y030 | N27: - | O27: M6 | R27: 0261S107JF / 0261B009FP-00 | S27: 0261S106WX | T27: MED17.9.3 66VA MP2
I28: 37820 | J28: - | K28: 66V | L28: - | M28: R030 | N28: - | O28: M6 | R28: 0261S107JG / 0261B009FR-00 | S28: 0261S106WY | T28: MED17.9.3 66VA MP2
S29: *Copy base are 66VA MP2(KAKC), MP1-2(except KAKC)
